"Group","k","RMSE","R_Squared"
"Group_05",30,2.43619556798024,0.17869766297757
