"Group","k","RMSE","R_Squared"
"Group_03",25,3.37763877173742,0.0306837907753122
