"Group","k","RMSE","R_Squared"
"Group_05",45,2.51506058776735,0.129821001093849
