"Group","k","RMSE","R_Squared"
"Group_06",50,2.71812918893402,0.112086165987204
