"Group","k","RMSE","R_Squared"
"Group_09",50,3.62866091905771,0.0864399826921506
