"Group","k","RMSE","R_Squared"
"Group_05",30,2.44340153518983,0.174650951082173
