"Group","MSE","R_Squared"
"Group_07",10.6045532967979,0.0300487225772317
