"Group","k","RMSE","R_Squared"
"Group_04",30,2.99617137941388,0.136291606181321
