"Group","MSE","R_Squared"
"Group_01",8.12181629553251,0.0815161038180756
"Group_02",9.04551512532596,0.0965838850119017
"Group_03",12.0410225146466,0.0272795074805579
"Group_04",9.36549853643938,0.12538226402583
"Group_05",6.50329021515274,0.143546766973531
"Group_06",7.52027554290575,0.119317854102401
"Group_07",10.6045532967979,0.0300487225772317
"Group_08",12.4937971004282,0.0539589966894332
"Group_09",13.4130136233179,0.0871561670483601
"Group_10",9.10081197101254,0.158530850717558
