"Group","k","RMSE","R_Squared"
"Group_01",30,2.7431829583243,0.10215671336427
