"Group","k","RMSE","R_Squared"
"Group_06",30,2.65871063319078,0.147212181080742
