"Group","k","RMSE","R_Squared"
"Group_03",40,3.35860773400898,0.0182354825614803
