"Group","k","RMSE","R_Squared"
"Group_08",30,3.44317451172616,0.0635848609431599
