"Group","k","RMSE","R_Squared"
"Group_10",35,2.93444224904119,0.182665186409822
