"Group","k","RMSE","R_Squared"
"Group_08",20,3.49749811984534,0.0517681327086192
