"Group","k","RMSE","R_Squared"
"Group_01",35,2.73143111980203,0.106513688577842
