"Group","MSE","R_Squared"
"Group_03",11.3946848072529,0.0318310593320035
