"Group","MSE","R_Squared"
"Group_03",12.0410225146466,0.0272795074805579
