"Group","MSE","R_Squared"
"Group_08",12.4937971004282,0.0539589966894332
