"Group","k","RMSE","R_Squared"
"Group_07",25,3.17752646774859,0.0282693674320174
