"Group","k","RMSE","R_Squared"
"Group_06",30,2.66206471697812,0.1453718066426
