"Group","k","RMSE","R_Squared"
"Group_06",30,2.66591976153881,0.1401740644444
