"Group","k","RMSE","R_Squared"
"Group_10",35,2.9392478590492,0.181303479969207
