"Group","k","RMSE","R_Squared"
"Group_02",30,2.85794683266854,0.137597063787411
