"Group","k","RMSE","R_Squared"
"Group_07",35,3.17446001669117,0.0264804801155342
