"Group","k","RMSE","R_Squared"
"Group_08",30,3.44817618783878,0.0627199843687442
