"Group","k","RMSE","R_Squared"
"Group_09",30,3.57689637683738,0.110899914076884
