"Group","MSE","R_Squared"
"Group_10",9.10081197101254,0.158530850717558
