"Group","k","RMSE","R_Squared"
"Group_01",50,2.79506242600945,0.0655139549145868
