"Group","k","RMSE","R_Squared"
"Group_04",30,3.00418682072918,0.132525436993383
