"Group","k","RMSE","R_Squared"
"Group_02",50,2.9250353434594,0.0944561362855753
