"Group","MSE","R_Squared"
"Group_02",8.44409058410452,0.116048152643051
