"Group","MSE","R_Squared"
"Group_02",9.04551512532596,0.0965838850119017
