"Group","MSE","R_Squared"
"Group_05",5.93942057976125,0.173471168833013
