"Group","MSE","R_Squared"
"Group_05",6.50329021515274,0.143546766973531
