"Group","k","RMSE","R_Squared"
"Group_05",30,2.44534901698909,0.166786445006661
