"Group","MSE","R_Squared"
"Group_01",7.56185633820184,0.100293191226404
