"Group","MSE","R_Squared"
"Group_01",8.12181629553251,0.0815161038180756
