"Group","k","RMSE","R_Squared"
"Group_02",25,2.90795724292053,0.115622807819149
