"Group","k","RMSE","R_Squared"
"Group_09",40,3.5702137007039,0.11420030286902
