"Group","k","RMSE","R_Squared"
"Group_09",35,3.6043088036761,0.0972547559582002
