"Group","MSE","R_Squared"
"Group_04",9.36549853643938,0.12538226402583
