"Group","MSE","R_Squared"
"Group_04",8.7848176646176,0.154536152888518
