"Group","MSE","R_Squared"
"Group_06",7.52027554290575,0.119317854102401
