"Group","k","RMSE","R_Squared"
"Group_08",50,3.4216670228463,0.0698899447291801
