"Group","k","RMSE","R_Squared"
"Group_07",50,3.20435293596958,0.0102705465776741
