"Group","k","RMSE","R_Squared"
"Group_03",30,3.37012884515402,0.0308492700701143
