"Group","MSE","R_Squared"
"Group_09",13.4130136233179,0.0871561670483601
