"Group","K","RMSE","R_Squared"
"Group_01",30,2.74319377246705,0.102696752686601
