"Group","k","RMSE","R_Squared"
"Group_10",25,2.94481523647739,0.17743219885522
