"Group","k","RMSE","R_Squared"
"Group_04",30,2.98272693724441,0.142693093327573
