"Group","k","RMSE","R_Squared"
"Group_03",30,3.37033414439121,0.0308281605900903
