"Group","k","RMSE","R_Squared"
"Group_04",50,3.10116697888607,0.0767205027697344
