"Group","k","RMSE","R_Squared"
"Group_07",30,3.1852458316336,0.0254452834031059
