"Group","k","RMSE","R_Squared"
"Group_10",50,3.01020584104595,0.147414750000557
