"Group","k","RMSE","R_Squared"
"Group_01",25,2.76528021036163,0.093285424853558
