"Group","k","RMSE","R_Squared"
"Group_02",30,2.86490630462095,0.133640654426066
